,timestampimu,or_x,or_y,or_z,or_w,av_x,av_y,av_z,la_x,la_y,la_z
0,1579257207.2042224,-0.015176355444238735,0.005571247619929671,-0.5053068729881917,-0.015176355444238735,0.3663331866264343,-0.053337331861257546,0.07960356771945953,-0.16671305,0.6178189500000013,10.36562905
1,1579257207.4416428,-0.05890069616341351,-0.013223251755802263,-0.512938193849834,-0.05890069616341351,0.19758503139019012,-0.08892578631639479,0.10088716447353364,-0.0392266,1.4121576000000011,9.83606995
2,1579257207.6744566,-0.09086954857626961,-0.021445803357173807,-0.5146999335995814,-0.09086954857626961,0.22774729132652283,0.01171554904431105,0.03288277983665466,0.2157463,1.931910050000001,9.9831697
3,1579257207.9106605,-0.09154221105219798,-0.023400276760592923,-0.513607744378396,-0.09154221105219798,-0.05835160240530968,0.046228606253862374,-0.07910505682229996,0.0980665,1.794616950000001,9.71839015
4,1579257208.146157,-0.08592926169044605,-0.0293761059815051,-0.509762568035616,-0.08592926169044605,-0.08036207407712936,-0.023994250223040574,0.04366384074091911,-0.18632635,2.079009800000001,10.07142955
5,1579257208.3943675,-0.07189303837423043,-0.019937308914070435,-0.5096272222252707,-0.07189303837423043,-0.19448767602443695,0.06605019420385361,-0.05576932430267335,0.0588399,1.559257350000001,9.8654899
6,1579257208.633648,-0.04006385681339504,-0.015976204399888127,-0.5062649572850786,-0.04006385681339504,-0.3768709897994995,0.08740533143281937,0.015376478433608998,-0.1372931,1.000278300000001,8.8848249
7,1579257208.8714101,0.019406314154511425,0.025809275619151206,-0.5134580235424013,0.019406314154511425,-0.615697979927063,-0.05654767528176306,0.12709558010101318,-0.1765197,1.0916801422368277e-15,8.91424485
8,1579257209.1132114,0.05767332281473675,0.02929473074346153,-0.5201916415013942,0.05767332281473675,0.010695375502109528,0.21556513011455536,0.0822104066610336,-0.40207265000000003,-0.9218250999999988,8.93385815
9,1579257209.3781781,0.06288760446855185,0.02710436312607942,-0.5155800839416464,0.06288760446855185,-0.2078212946653366,0.0700346753001213,-0.07202277332544328,-0.50013915,-0.5491723999999988,9.7674234
10,1579257209.6034217,0.08841062255228141,0.020532709816270926,-0.5068667479184643,0.08841062255228141,-0.03447117283940315,0.15918195247650146,-0.041883599013090154,-0.7649187,-1.3238977499999989,9.463417250000001
11,1579257209.834887,0.09737179748249865,0.01060214512435612,-0.4963607100911298,0.09737179748249865,-0.0278524961322546,0.10869956016540527,-0.05611444264650346,-0.6276256,-1.2944777999999988,9.54187045
12,1579257210.07384,0.11168937080273755,0.009826819561251207,-0.4952351678737854,0.11168937080273755,-0.15451987087726593,0.11994820833206177,0.014361351728439317,-0.3138128,-1.5592573499999989,9.7674234
13,1579257210.3115518,0.13997500130209162,0.0020881731838870874,-0.49781884523190295,0.13997500130209162,-0.08925583958625793,0.0029375622980296725,0.09219883382320404,-1.46119085,-1.9417166999999989,9.6497436
14,1579257210.5580182,0.14071004057566006,0.013377143894642148,-0.49542048865148913,0.14071004057566006,-0.12426535785198212,0.026793619617819776,-0.0933976024389267,-1.26505785,-1.8730701499999989,9.60071035
15,1579257210.7913795,0.15904369694174447,0.017327621319727884,-0.4793870262084241,0.15904369694174447,-0.13046735525131226,0.09502527862787245,-0.15493415296077728,-1.61809725,-2.1476563499999988,9.100571200000001
16,1579257211.040045,0.1580941046847924,0.010565699626860756,-0.46660927364773563,0.1580941046847924,0.08835960924625397,0.06471434980630875,-0.0051233028061688024,-1.59848395,-1.755390349999999,9.5320638
17,1579257211.2806363,0.13894577969229252,0.002572684972835694,-0.4726506439177724,0.13894577969229252,0.21937811374664307,-0.18358220160007474,0.19819666445255282,-1.8632635,-3.020448199999999,10.01258965
18,1579257211.5080009,0.12382359130729109,0.004069725125157216,-0.47922724478965223,0.12382359130729109,0.03897438943386078,0.07188314944505693,0.11586570739746092,-1.7455837,-1.814230249999999,9.3555441
19,1579257211.7507195,0.11305348478952047,0.011930567732133664,-0.4947702215039144,0.11305348478952047,0.03863033279776573,-0.12152381241321562,0.08117255568504335,-0.7060788,-1.588677299999999,9.2378643
20,1579257212.0046751,0.09653556491334372,0.02649344848623106,-0.5014514443597021,0.09653556491334372,0.08386373519897461,-0.377254456281662,0.08690025657415394,-0.81395195,-1.6377105499999989,10.0812362
21,1579257212.2408004,0.07705298005504983,0.0473628989292212,-0.5033165423376393,0.07705298005504983,0.030477790161967278,-0.24724705517292023,-0.0460662096738815,-1.1375714000000001,-1.5592573499999989,9.80665
22,1579257212.47455,0.06373327655243413,0.054038663658659634,-0.4965847311930457,0.06373327655243413,0.08562787622213364,0.012419079430401325,0.0047184736467897875,-1.04931155,-1.363124349999999,9.5909037
23,1579257212.718184,0.0541376717836024,0.051452986342052566,-0.49923703433371347,0.0541376717836024,0.033732131123542786,-0.00845400895923376,-0.0013736956752836693,-0.7060788,-0.9414383999999989,9.48303055
24,1579257212.953745,0.05046824741291436,0.05025319382547478,-0.4947052458982725,0.05046824741291436,0.09279286116361618,0.001926697790622707,-0.03306145966053009,-0.4118793,-1.3042844499999988,9.9439431
25,1579257213.1955569,0.040163331412595905,0.03763698192779373,-0.4869125828148311,0.040163331412595905,-0.03242575004696846,0.010695599019527425,-0.0864076167345047,-0.1569064,-0.7453053999999988,9.7085835
26,1579257213.43715,0.06816318984427289,-0.029910225165915256,0.6122158136485123,0.06816318984427289,0.04861118644475937,-0.05473026260733604,0.0656953752040863,0.02941995,-0.7551120499999987,9.75761675
27,1579257213.6778982,0.06910048503373065,-0.014661730979304862,0.6035699744600188,0.06910048503373065,-0.029255719855427742,-0.24554502964019775,0.07240764051675799,-0.2157463,-0.8825984999999988,9.65955025
28,1579257213.9229596,0.08083092028750291,0.01264525025001438,0.5949085900731257,0.08083092028750291,0.04854205995798111,-0.10498294234275816,0.1103125959634781,0.36284605000000003,-1.1669913499999987,9.71839015
29,1579257214.157533,0.08265190133791195,0.011254688520204071,0.5845924056908804,0.08265190133791195,-0.003467652015388012,0.06377164274454118,0.08299749344587325,0.4707192,-1.196411299999999,9.48303055
30,1579257214.40345,0.07632783080742497,0.009419206462215798,0.5815909909069168,0.07632783080742497,-0.006563496310263872,0.013285376131534583,0.06031075119972229,-0.02941995,-0.9904716499999989,9.58109705
31,1579257214.6467047,0.08168304883871008,0.016372575696087993,0.5827114976527734,0.08168304883871008,0.006596588995307684,-0.05513667687773705,-0.07259245216846466,-0.0392266,-0.7256920999999988,9.5909037
32,1579257214.8708286,0.07970332047792492,0.014242915023672904,0.5855200347126173,0.07970332047792492,-0.07751333713531494,0.1345611959695816,-0.04088270664215089,0.16671305,-1.0787314999999988,10.14988275
33,1579257215.123857,0.07938510286064984,0.00435494406400702,0.5917848866983522,0.07938510286064984,0.003113933838903904,0.07518899440765378,-0.21734420955181122,0.980665,-0.7943386499999987,9.8654899
34,1579257215.350164,0.08910079672864757,0.010860558668073247,0.5843228487890014,0.08910079672864757,0.010296251624822617,-0.1791289299726486,0.23201395571231845,1.16699135,-0.5197524499999988,9.54187045
35,1579257215.5978713,0.09561746002547815,0.021547111602153425,0.562057700510335,0.09561746002547815,-0.03323465958237648,-0.04189339280128477,0.1709885150194168,1.4513842000000001,-0.18632634999999886,9.3163175
36,1579257215.8332627,0.09694149832906934,0.022812457365602494,0.5520854673282118,0.09694149832906934,0.08770966529846191,-0.006340290885418652,0.01513314712792635,1.24544455,-1.0493115499999988,10.1596894
37,1579257216.0730307,0.0828222114181654,0.01729715376303141,0.5560804239531534,0.0828222114181654,0.01597960852086544,0.22902189195156097,0.002810350153595181,0.784532,-1.2258312499999988,9.85568325
38,1579257216.3185554,0.07185500580726259,0.00885800865697306,0.5547595310966645,0.07185500580726259,0.0960589349269867,0.08603468537330627,-0.021452412009239207,0.65704555,-1.1081514499999987,9.7870367
39,1579257216.5747879,0.055408149832400055,-0.005927409594716242,0.5546836012207623,0.055408149832400055,-0.011651609092950821,0.28497281670570374,0.03567270934581753,0.1569064,-0.7256920999999988,9.40457735
40,1579257216.8032267,0.03346047714248258,-0.03810073765833762,0.5614121108638022,0.03346047714248258,-0.10473351925611496,0.24757722020149228,-0.1371291130781174,-0.8041453000000001,-0.5883989999999988,9.93413645
41,1579257217.0349667,0.04714209853691737,-0.04290563188308213,0.5831426251142333,0.04714209853691737,0.1295345425605774,-0.2708541452884674,-0.21561370790004727,-0.5491724,-1.108151449999999,9.5124505
42,1579257217.2823029,0.046398004125049144,-0.022221163072476856,0.5959712093577394,0.046398004125049144,-0.062327343970537186,0.084451824426651,-0.024781882762908946,0.14709975,-0.6766588499999987,9.7674234
43,1579257217.5181265,0.04982397690602954,-0.03295124621534638,0.5898017968103011,0.04982397690602954,0.014313883148133755,0.0012170359259471351,0.04491238668560982,-0.22555295,-0.9610516999999987,9.9243298
44,1579257217.7495124,0.04332555008270327,-0.028686297039343084,0.5890522849877415,0.04332555008270327,0.05508722364902496,-0.00919365603476763,-0.011047119274735449,-0.2157463,-0.5687856999999988,9.28689755
45,1579257218.0130048,0.039136435783812505,-0.02881142258442111,0.5908629880655877,0.039136435783812505,0.018393926322460175,0.04852218553423881,-0.03250743448734284,-0.44129925000000003,-0.46091254999999887,9.3555441
46,1579257218.2406464,0.03816981895468022,-0.034176501780732595,0.5898747978459715,0.03816981895468022,-0.008231058716773987,0.05166861042380333,0.012069180607795708,-0.63743225,-0.6766588499999989,9.56148375
47,1579257218.473476,0.027248389920859824,-0.026069116667984574,0.5871348715703857,0.027248389920859824,0.13606195151805878,0.0012477370910346551,0.03566243499517441,-0.63743225,-0.3824593499999988,9.8262633
48,1579257218.7171228,0.022547661350978864,-0.020538331898987138,0.5835818967520002,0.022547661350978864,0.0689605325460434,-0.08983214944601059,0.016898209229111682,-0.5491724,-0.30400614999999886,9.5124505
49,1579257218.9493628,0.006893436461403455,-0.0008222724475014526,0.5853846745481314,0.006893436461403455,0.2498597949743271,-0.001366866054013376,-0.03702127933502197,-0.18632635,0.2843928500000012,9.77723005
50,1579257219.195386,-0.004625794928281904,1.8214686148353804e-05,0.5869649824007721,-0.004625794928281904,-0.0763801783323288,0.10522998869419098,-0.004239440895617021,-0.4314926,0.5687857000000012,9.6497436
51,1579257219.4266498,0.007315536792565071,-0.01583980996240247,0.5893308231047454,0.007315536792565071,-0.14745424687862396,-0.007897982373833662,-0.0459909662604332,-0.6864655,1.2225856818449843e-15,9.9831697
52,1579257219.6831555,0.020678911835341825,-0.017063944074897756,0.5921331532272797,0.020678911835341825,-0.052778180688619614,0.0018290554871782654,-0.0053348904475569725,-0.36284605000000003,-0.21574629999999878,9.97336305
53,1579257219.9362056,0.0208176914052883,-0.022606779160999634,0.5940306941634795,0.0208176914052883,0.020776009187102318,0.07201528549194336,-0.015683110803365718,-0.4511059,-0.09806649999999877,10.1204628
54,1579257220.173757,0.006522001103860058,-0.033202384366006345,0.5967257796682173,0.006522001103860058,0.06414516270160675,0.18834367394447327,-0.07088267803192141,-0.59820565,-0.18632634999999878,9.9439431
55,1579257220.3903565,-0.010421036313798534,-0.04989759077865158,0.5995066064918615,-0.010421036313798534,-0.01674092561006546,0.1959601491689682,-0.04886430874466898,-0.89240515,-0.08825984999999884,9.52225715
56,1579257220.6342802,-0.020546082177493263,-0.0701129441011316,0.597946579800722,-0.020546082177493263,-0.05181783437728882,0.12910336256027222,0.02906877733767031,-1.1375714000000001,-0.2451662499999988,9.77723005
57,1579257220.8825865,-0.02745546701201161,-0.08522860758019148,0.5938553226240435,-0.02745546701201161,-0.07189073413610458,0.024986466392874718,-0.005808567162603143,-1.67693715,-0.25497289999999884,9.58109705
58,1579257221.1110275,-0.014130396223162298,-0.08188256521115066,0.5848145239351129,-0.014130396223162298,-0.042536571621894836,0.008201832883059992,0.11406983435153961,-1.95152335,-0.41187929999999884,9.4732239
59,1579257221.3576555,-0.016477121356656993,-0.09943777298235061,0.5870341687487421,-0.016477121356656993,-0.15283215045928955,0.12597686052322388,-0.09210123866796495,-2.1770763,-0.41187929999999884,9.4928372
60,1579257221.5947874,-0.0027388177595443967,-0.11369029537348382,0.5927476939275717,-0.0027388177595443967,-0.07908383756875992,-0.04144462570548059,-0.0976356714963913,-2.8831551,-0.43149259999999884,9.414384
61,1579257221.8398776,0.010316491113282977,-0.11273931761354143,0.5994698892235638,0.010316491113282977,-0.06828254461288452,-0.07675947993993759,0.0071609751321375465,-2.34378935,-0.8531785499999989,9.44380395
62,1579257222.075165,0.016589546394047597,-0.10594757889959232,0.5973756795729592,0.016589546394047597,0.011914514005184174,-0.05880023166537284,0.08101569116115571,-1.4513842000000001,-1.029698249999999,9.4928372
63,1579257222.3234901,0.0238717532547146,-0.09752228242060389,0.5911586662149769,0.0238717532547146,-0.03781559318304062,-0.11832306534051895,-0.0275471694767475,-1.1179581,-1.3827376499999988,9.52225715
64,1579257222.5722933,0.03709344538736595,-0.06707148829802113,0.5868313966936971,0.03709344538736595,0.12765052914619446,-0.2980138957500458,0.07269091904163365,-0.8629852,-1.343511049999999,9.80665
65,1579257222.7986493,0.033327150780314854,-0.04548801981237613,0.5781482836355925,0.033327150780314854,0.09078359603881836,0.014366245828568951,0.12711985409259796,-1.30428445,-1.284671149999999,9.75761675
66,1579257223.0405867,0.015000588041973672,-0.05569556023287362,0.5783579482760252,0.015000588041973672,0.05348238721489906,0.20686370134353638,-0.03056094609200957,-1.5886773,-0.47071919999999884,9.73800345
67,1579257223.278322,0.013787811054263336,-0.05345788528118826,0.5716591344240775,0.013787811054263336,0.0021037375554442406,-0.10982439666986464,0.1467313915491104,-0.85317855,-0.3236194499999988,9.48303055
68,1579257223.5183856,0.020205928162642422,-0.04115564846963598,0.5646798230655554,0.020205928162642422,0.0032964320853352547,-0.14031909406185147,0.12308271229267122,-0.5491724,0.21574630000000114,9.5124505
69,1579257223.746576,0.027870564712848888,-0.028301373868793105,0.5703053537875227,0.027870564712848888,-0.03650752827525139,-0.218136340379715,-0.17756399512290952,-0.4707192,-0.7354987499999988,10.591182
70,1579257223.9920676,0.03974184727030821,-0.02362628349935986,0.56241304340916,0.03974184727030821,-0.051737379282712936,-0.02850247547030448,0.08360564708709717,-0.5687857000000001,-0.7845319999999988,9.9635564
71,1579257224.2305694,0.049674277552512865,-0.02655931533193548,0.5603363682107707,0.049674277552512865,-0.22075283527374268,-0.08675958961248398,-0.03646159172058104,-0.1176798,-1.2356378999999988,9.77723005
72,1579257224.4726665,0.09277382125072908,-0.02717418093960288,0.5664229732241497,0.09277382125072908,-0.2833910286426544,-0.19562704861164096,-0.15395425260066983,-0.6668522,-1.588677299999999,9.7085835
73,1579257224.7118976,0.10299931396025869,-0.03113785941405319,0.5733152296629884,0.10299931396025869,0.015511457808315754,0.23921048641204834,-0.08383226394653323,-0.2157463,-1.814230249999999,9.69877685
74,1579257224.95036,0.09622283874545814,-0.04548173151498166,0.5771414492697774,0.09622283874545814,-0.009015367366373539,0.00421103555709123,-0.04973950237035751,-0.6668522,-1.7063570999999988,9.1790244
75,1579257225.2028189,0.08457677211866942,-0.032627194484566004,0.5802062801532712,0.08457677211866942,0.17191284894943237,-0.030991706997156143,-0.00037047965452074625,-0.3726527,-1.274864499999999,9.30651085
76,1579257225.4426537,0.08239891763704818,-0.023422377449233815,0.580318846534994,0.08239891763704818,0.03931012377142906,-0.04534263163805008,-0.01055369339883327,-0.1372931,-1.2160245999999988,9.7281968
77,1579257225.674252,0.07718134664552703,-0.015292656141928661,0.5799885632539233,0.07718134664552703,0.0698954164981842,-0.04107921198010444,0.030650835484266285,0.06864655,-1.0689248499999988,9.639936950000001
78,1579257225.9173918,0.0777499728211245,-0.0013964613250576083,0.5796683088111954,0.0777499728211245,0.0743657797574997,-0.13921383023262024,-0.01412075757980345,0.2157463,-0.7453053999999989,9.56148375
79,1579257226.152703,0.08609817066797477,0.017213058255036107,0.5786959823409632,0.08609817066797477,-0.06931726634502411,-0.1891506016254425,-0.04908555746078489,0.392266,-0.8139519499999989,9.551677100000001
80,1579257226.3962219,0.10145333958638285,0.029433483576577296,0.5810955314108449,0.10145333958638285,0.024715309962630272,-0.1318526566028595,0.017269242554903048,0.75511205,-0.8924051499999988,9.8851032
81,1579257226.6440616,0.10853135707811778,0.03685099217427405,0.5777696721405623,0.10853135707811778,-0.02576524391770363,-0.008142769336700433,0.058002129197120667,1.18660465,-1.0591181999999988,9.7085835
82,1579257226.8715987,0.10343327937321034,0.025734638399029737,0.5733719163702656,0.10343327937321034,-0.02276819944381714,0.11078601330518723,0.00756660662591456,1.2160246,-1.0885381499999989,9.5909037
83,1579257227.115384,0.0907737746849371,0.01154965710722549,0.5744991525332707,0.0907737746849371,0.010736825875937939,0.20262202620506287,0.04301104322075841,1.42196425,-1.1277647499999988,9.79684335
84,1579257227.3592093,0.07977583401193072,-0.00546682138906808,0.5717913951160835,0.07977583401193072,0.02874981425702572,0.0861610472202301,0.012558598071336736,0.79433865,-1.049311549999999,9.56148375
85,1579257227.6018906,0.07041813283415033,-0.008517678106682147,0.5713267433492434,0.07041813283415033,0.007670330815017223,0.04791491478681564,0.026925995945930474,0.4707192,-0.9316317499999988,9.8654899
86,1579257227.8474188,0.06860541204718817,-0.013180997038155458,0.5710423078594804,0.06860541204718817,0.009341265074908733,0.012056056410074232,-0.01923663169145584,0.38245935,-0.8727918499999987,9.71839015
87,1579257228.07435,0.06310952686601157,-0.019050966413395,0.5691745323888255,0.06310952686601157,0.013881725259125233,0.1387367695569992,0.049839831888675676,0.3138128,-0.9806649999999988,9.8262633
88,1579257228.311956,0.05717809028215814,-0.027426880310379438,0.5645487385188616,0.05717809028215814,-0.023699451237916946,0.05531971901655197,-0.0032742179464548896,0.2745862,-0.9316317499999988,9.85568325
89,1579257228.5611877,0.0533980478582737,-0.02921049836599067,0.5641817202301336,0.0533980478582737,0.055888593196868896,-0.0018212489085271887,0.054742686450481415,0.3334261,-0.7256920999999988,9.60071035
90,1579257228.7954288,0.04914963873456039,-0.025813171250813796,0.548700176975333,0.04914963873456039,0.015960538759827614,-0.022464625537395456,0.16285693645477295,0.3334261,-0.6080122999999988,9.58109705
91,1579257229.043884,0.04603481441888367,-0.026348218392048713,0.5330585971552384,0.04603481441888367,0.02093593031167984,-0.0508936233818531,0.07760590314865112,-0.4707192,-0.7158854499999989,9.6301303
92,1579257229.2824168,0.05240442581388409,-0.01900800722371538,0.5264317555345516,0.05240442581388409,0.0003101605689153075,-0.07805517315864562,0.10710732638835908,-0.4903325,-0.8727918499999987,9.7478101
93,1579257229.517449,0.04881088455757909,-0.013772312997795546,0.5099338238169331,0.04881088455757909,0.12306196987628937,0.03511674702167512,0.07908602803945541,-0.73549875,-0.5197524499999988,9.69877685
94,1579257229.7718172,0.038258770386946174,-0.01046632517351784,0.5106365588866107,0.038258770386946174,-0.015396766364574432,-0.011796353384852418,-0.07137195020914078,-0.8433719,-0.22555294999999878,9.85568325
95,1579257230.0083196,0.04673218087806436,-0.013415024375497388,0.517121449756247,0.04673218087806436,-0.03611540049314499,-0.0473853200674057,-0.015485143288969988,-0.36284605000000003,-0.5295590999999988,9.83606995
96,1579257230.2388117,0.047940268306512004,-0.013363339611146843,0.5153933693492148,0.047940268306512004,-0.022535331547260284,0.021799042820930484,0.018045391887426373,0.0980665,-0.6276255999999988,9.75761675
97,1579257230.499372,0.04821366175335624,-0.014542610244156706,0.5168342031276597,0.04821366175335624,0.02759292908012867,-0.003854737384244803,-0.027077123522758484,-0.0588399,-0.5883989999999988,9.6889702
98,1579257230.7207859,0.047760791036632874,-0.014597766513560508,0.516674305695362,0.047760791036632874,-0.03621053695678711,0.03395574912428856,0.026529639959335324,-0.00980665,-0.4609125499999988,9.83606995
99,1579257230.954105,0.04916730019767558,-0.018352088677991634,0.5150079192524976,0.04916730019767558,-0.005356728099286556,-0.019304899498820305,-0.009658124297857283,-0.0588399,-0.7649186999999987,9.75761675
100,1579257231.2019484,0.05059974940713617,-0.017546778151212007,0.5172834856811466,0.05059974940713617,-0.01368491817265749,-0.02365284413099289,-0.013676774688065049,-0.08825985,-0.5982056499999988,9.7478101
101,1579257231.4376173,0.05112410509682272,-0.01920127992750056,0.5177338123534875,0.05112410509682272,2.73226760327816e-07,-0.007354987319558861,-0.012657150626182554,-0.26477955,-0.7747253499999988,9.7674234
102,1579257231.6815588,0.0506776585970852,-0.01996057764357853,0.5188292951677607,0.0506776585970852,-0.03170499578118324,0.015680149197578427,-0.020968630909919742,-0.18632635,-0.6472388999999987,9.67916355
103,1579257231.9215443,0.0520116036721255,-0.017260469632298544,0.52005770945447,0.0520116036721255,0.029745928943157196,-0.02531148493289947,0.019816979765892032,-0.196133,-0.7845319999999988,9.8458766
104,1579257232.1652997,0.05508208910270612,-0.017763076162291138,0.5197583227897815,0.05508208910270612,-0.028510723263025284,-0.0434240885078907,-0.020380867645144456,-0.1765197,-0.8433718999999988,9.60071035
105,1579257232.4227006,0.05735594967069506,-0.015122209208159279,0.5194463920404728,0.05735594967069506,0.010045044124126434,-0.011568497866392136,0.00027893204241991184,0.0392266,-0.7551120499999987,9.7085835
106,1579257232.6480846,0.05656988447665498,-0.013518497869749888,0.5193318621638645,0.05656988447665498,0.005124257877469063,0.013396673835814,0.006181427743285893,0.0196133,-0.7943386499999987,9.81645665
107,1579257232.9068658,0.05692110608884883,-0.0151782072428647,0.5179369508343269,0.05692110608884883,-0.005646965932101011,0.0035867930855602026,0.0010074963793158527,0.0,-0.7943386499999987,9.7281968
108,1579257233.1510334,0.05645698495384059,-0.012134707816578483,0.519994468454335,0.05645698495384059,-0.0008424373809248209,-0.02601572312414647,-0.04980527237057686,0.0392266,-0.7551120499999987,9.7674234
109,1579257233.3710485,0.05513360582156505,-0.01172089754389296,0.5235177728901504,0.05513360582156505,0.05034175515174866,0.014061477035284037,-0.0490848645567894,-0.10787315,-0.43149259999999884,9.3947707
110,1579257233.6068113,0.04909186743026622,-0.019522177650501047,0.5265696310094412,0.04909186743026622,0.0077489702962338924,0.14474520087242126,0.05981329083442686,-0.48052585000000003,-0.7158854499999987,9.79684335
111,1579257233.840597,0.03622049024552544,-0.010559560734628996,0.5234749644841672,0.03622049024552544,0.2569909691810608,-0.060065485537052155,-0.0204579010605812,-0.51975245,-0.6766588499999987,10.0223963
112,1579257234.0807683,0.02022983341639213,0.010353328527398006,0.5233019719589187,0.02022983341639213,0.09122719615697861,-0.05901098623871801,0.16380757093429565,-0.4903325,0.2647795500000012,10.07142955
113,1579257234.3190594,0.022106358444318453,0.0159300274404826,0.515696677078549,0.022106358444318453,-0.06884671002626419,-0.1205645874142647,-0.21253852546215055,-0.1569064,-0.37265269999999884,9.5124505
114,1579257234.564023,0.044180866897099456,0.005160279954405951,0.5506311958580488,0.044180866897099456,-0.17166341841220856,-0.05175960808992389,-0.30537474155426025,-1.02969825,-0.43149259999999884,9.60071035
115,1579257234.8262093,0.058316268274797585,0.008349008257562116,0.5596722339507072,0.058316268274797585,-0.15234103798866272,-0.2031315267086029,-0.05796449258923528,0.75511205,-0.2255529499999988,9.77723005
116,1579257235.039289,0.08547630334720775,0.011149080263368832,0.5576012966878157,0.08547630334720775,-0.17448483407497406,-0.1397588104009628,0.3214629590511322,1.06892485,-0.5785923499999989,9.69877685
117,1579257235.2814467,0.10156316497885728,0.022976497826570175,0.5291300490874145,0.10156316497885728,0.12077750265598297,-0.12045325338840483,0.13731501996517184,1.44157755,-0.9022117999999989,9.5320638
118,1579257235.5317364,0.10173651761851396,0.0344121190374149,0.524144316610866,0.10173651761851396,-0.04805641621351242,0.007881370373070235,-0.04924129694700241,1.59848395,-0.4609125499999988,9.4339973
119,1579257235.774574,0.09010239208249335,0.02188196398793618,0.5402810238435567,0.09010239208249335,0.15105894207954407,0.20350366830825803,-0.24672104418277743,1.06892485,-0.27458619999999884,9.7085835
120,1579257236.0005605,0.07621799987836539,0.0097179051964438,0.5512602365879857,0.07621799987836539,-0.07634393870830536,0.19289530813694,0.06927619129419324,-0.0196133,-0.3922659999999987,9.99297635
121,1579257236.2435763,0.062054022396216345,-0.006322450112848021,0.5404016943023257,0.062054022396216345,0.07334014773368835,0.13510993123054504,-0.007365396246314065,0.0196133,-1.1866046499999987,9.69877685
122,1579257236.483487,0.0728255490003143,0.002010116123992796,0.5435457676269239,0.0728255490003143,-0.061390526592731476,-0.19203129410743713,-0.016135547310113883,0.2549729,-1.3042844499999988,9.18883105
123,1579257236.7233527,0.07456223581993889,-0.00011817465682110216,0.5509331877304718,0.07456223581993889,-0.023187410086393356,0.03175328299403189,-0.11134588718414307,0.1569064,-1.2944777999999986,10.36562905
124,1579257236.9556122,0.08285396397697142,0.0036450648150095216,0.564830152107556,0.08285396397697142,-0.08194293081760406,-0.031065177172422433,-0.188392773270607,0.87279185,-0.8139519499999989,9.5320638
125,1579257237.215177,0.08276001801558308,0.0074601743062370565,0.5645184703974802,0.08276001801558308,0.014390438795089722,-0.03727575764060019,0.11919917911291122,0.97085835,-0.5491723999999988,9.463417250000001
126,1579257237.4497874,0.09206985597274853,0.01270533773042315,0.5536997982083183,0.09206985597274853,0.027028173208236694,-0.0006414487725123616,0.12041560560464859,1.4709975,-0.5393657499999989,9.3751574
127,1579257237.6825607,0.08002913288845981,0.0025923665765494545,0.5405189286121432,0.08002913288845981,0.08981452137231827,0.25678569078445435,0.17627556622028348,1.0787315,-0.8629851999999988,10.16949605
128,1579257237.9329557,0.05273459857390344,-0.018854919340357566,0.5325005860833372,0.05273459857390344,0.025332272052764893,0.1976340115070343,-0.028328372165560747,0.3726527,-1.2258312499999988,9.3751574
129,1579257238.1610854,0.04003246813054479,-0.02815502717830774,0.5445652752965309,0.04003246813054479,0.08481574058532715,0.06452791392803192,-0.02687280625104905,-0.61781895,-0.9512450499999989,9.6693569
130,1579257238.4115965,0.02363309821537022,-0.025745729312810363,0.5399628936391531,0.02363309821537022,0.10806343704462051,0.06574477255344392,0.06528362631797789,-0.91201845,-0.5197524499999988,9.85568325
131,1579257238.6505113,0.01875627083291571,-0.038052510414161,0.5446397323456638,0.01875627083291571,0.014356237836182117,0.09972111880779266,-0.02310188487172128,-0.71588545,-0.3432327499999988,9.5320638
132,1579257238.8866584,0.008024273506144113,-0.04188082565273725,0.5477783314911737,0.008024273506144113,-0.014538554474711418,-0.03411135450005532,-0.07032615691423416,-0.392266,-0.04903324999999883,9.610517
133,1579257239.1335952,0.016901227106688507,-0.04389772546006949,0.5598343190287087,0.016901227106688507,-0.0899280309677124,0.0030760639347135886,-0.11133620142936707,-0.06864655,-0.3628460499999988,9.610517
134,1579257239.3593414,0.025240930696858264,-0.04241867716584163,0.5582817972497092,0.025240930696858264,0.02574373036623001,-0.059814158827066415,0.07651718705892564,-0.38245935,-0.5001391499999989,9.71839015
135,1579257239.604998,0.02870437704966499,-0.03920212598594086,0.5540829922702929,0.02870437704966499,-0.03862116113305092,-0.09316842257976532,-0.009162930771708476,-0.7256921000000001,-0.6570455499999988,9.89490985
136,1579257239.8524563,0.02546501792382694,-0.03931704457159216,0.553303063150024,0.02546501792382694,0.15481479465961456,0.08348695933818817,-0.005167085677385341,-0.8825985000000001,-0.6570455499999988,9.7870367
137,1579257240.0927656,0.017016701121007935,-0.036408328140624745,0.5531998055019772,0.017016701121007935,-0.018623746931552887,0.011357023380696772,-0.011346224695444109,-0.83356525,-0.5099457999999988,9.7870367
138,1579257240.3252704,0.010923717968658101,-0.03499026791441068,0.5527399272261069,0.010923717968658101,0.08687399327754974,0.0008571718353778182,0.047827258706092834,-0.85317855,0.18632635000000108,8.93385815
139,1579257240.56812,0.019195718715837737,-0.03222501915563627,0.5520241614665121,0.019195718715837737,-0.14568038284778595,-0.06956914812326431,-0.027671465650200837,-0.7453054,-0.15690639999999886,9.22805765
140,1579257240.8078544,0.0393616309316357,-0.04096335781706695,0.553848898173477,0.0393616309316357,-0.14589305222034454,0.029355345293879506,-0.022763293236494068,-0.5687857000000001,-0.5295590999999988,9.09076455
141,1579257241.0610826,0.06462368401810946,-0.05910349130485926,0.5497033742138556,0.06462368401810946,-0.4157657325267792,0.0255091916769743,0.03724677115678787,-0.7649187,-1.108151449999999,8.89463155
142,1579257241.299718,0.09338597353710477,-0.06788228992892736,0.5531992744798033,0.09338597353710477,0.09716740250587463,-0.15443497896194458,-0.07500665634870528,-0.3530394,-2.235916199999999,9.16921775
143,1579257241.5344574,0.07531820932637494,-0.03781709304451828,0.562366702613717,0.07531820932637494,0.1948055624961853,-0.05748459696769715,-0.08324313908815383,-0.16671305,-1.441577549999999,9.65955025
144,1579257241.7719588,0.06548923777204135,-0.030225852010102593,0.570841958251561,0.06548923777204135,0.25107672810554504,0.027755904942750913,-0.12780743837356567,-0.12748645,-1.657323849999999,10.13026945
145,1579257242.019828,0.022861996625161245,-0.0033932340924178123,0.5782516345811597,0.022861996625161245,0.34890416264533997,0.08934324234724046,0.07636845111846922,-0.0588399,-0.2647795499999987,10.5127288
146,1579257242.252721,0.005729755067205708,-0.0065278303384524354,0.5707818609100352,0.005729755067205708,0.006103353574872017,0.033461913466453566,0.10036318004131317,-0.6276256,0.10787315000000125,10.179302700000001
147,1579257242.501876,0.004638416841253044,0.0041565497180428195,0.5631755753048023,0.004638416841253044,0.10543686151504517,-0.012789820320904257,-0.01979578100144863,-0.2353596,0.47071920000000117,9.80665
148,1579257242.7417727,-0.022676049329129574,0.016583865383937385,0.5725126941944032,-0.022676049329129574,0.2558180093765259,-0.004756839480251088,-0.11199749261140823,-0.3726527,0.8237586000000012,10.34601575
149,1579257242.9760718,-0.023729419381063016,0.020811435301139797,0.5680386046226362,-0.023729419381063016,-0.1034277006983757,-0.0260532572865486,0.12570346891880035,-0.53936575,1.1277647500000012,9.69877685
